pagamento_id,apolice_id,valor,data_vencimento,status
1,186,269.72,2022-02-28,Pago
2,261,223.23,2022-05-24,Atrasado
3,528,308.13,2023-06-18,Pago
4,273,169.57,2023-03-24,Pago
5,160,431.97,2020-08-20,Pago
6,762,524.24,2022-09-30,Pago
7,224,347.36,2023-03-12,Pago
8,256,272.11,2023-08-01,Inadimplente
9,180,412.91,2022-12-07,Atrasado
10,20,392.63,2021-07-24,Pago
11,624,266.94,2022-06-23,Pago
12,632,294.26,2023-01-12,Atrasado
13,706,226.86,2021-10-08,Pago
14,468,319.76,2019-01-21,Pago
15,623,335.87,2021-09-25,Pago
16,210,206.38,2022-12-02,Pago
17,513,171.04,2020-04-01,Pago
18,58,140.88,2023-01-07,Pago
19,93,349.98,2021-10-10,Pago
20,221,298.62,2019-09-22,Pago
21,723,289.97,2023-08-11,Inadimplente
22,232,355.74,2019-07-03,Pago
23,774,191.88,2019-08-15,Pago
24,364,171.57,2024-01-02,Pago
25,615,328.93,2023-04-21,Pago
26,562,92.56,2022-06-23,Pago
27,374,268.92,2022-01-01,Pago
28,622,595.97,2022-03-19,Pago
29,456,138.18,2023-03-17,Pago
30,88,248.43,2021-12-28,Pago
31,20,50.0,2021-08-26,Atrasado
32,14,271.95,2021-03-15,Pago
33,133,535.98,2022-06-07,Pago
34,34,356.03,2020-12-23,Inadimplente
35,208,226.35,2021-12-31,Pago
36,199,561.77,2021-09-28,Pago
37,592,90.92,2021-05-24,Pago
38,583,354.47,2023-06-20,Atrasado
39,155,307.79,2022-11-21,Pago
40,590,270.36,2019-03-25,Pago
41,78,396.85,2021-01-09,Pago
42,172,158.16,2022-08-15,Pago
43,289,337.51,2023-11-07,Atrasado
44,545,322.28,2022-08-09,Pago
45,788,195.48,2023-10-24,Pago
46,420,534.0,2019-08-11,Inadimplente
47,7,278.18,2021-03-03,Pago
48,160,283.36,2021-01-02,Pago
49,240,176.68,2022-05-24,Pago
50,423,280.4,2022-06-08,Atrasado
51,536,580.17,2020-02-09,Atrasado
52,726,269.67,2022-04-07,Inadimplente
53,70,362.24,2019-11-25,Pago
54,216,414.07,2020-03-01,Pago
55,104,278.23,2023-04-27,Pago
56,727,250.85,2021-02-08,Atrasado
57,54,356.67,2022-05-04,Pago
58,330,271.05,2020-08-30,Pago
59,203,260.18,2024-01-27,Pago
60,288,412.79,2020-06-09,Pago
61,45,291.67,2020-09-16,Pago
62,198,445.59,2019-03-18,Atrasado
63,216,288.97,2022-07-24,Pago
64,481,141.94,2021-07-08,Pago
65,309,50.0,2021-08-03,Pago
66,435,79.42,2020-04-10,Pago
67,332,100.08,2023-01-11,Pago
68,696,331.98,2022-09-05,Pago
69,27,183.44,2022-03-29,Pago
70,166,63.1,2020-05-06,Inadimplente
71,318,284.29,2019-11-09,Pago
72,274,170.18,2023-07-13,Pago
73,383,355.57,2022-03-30,Pago
74,365,352.59,2019-11-04,Atrasado
75,103,365.29,2022-03-15,Pago
76,503,50.0,2023-08-26,Atrasado
77,373,305.45,2022-11-20,Atrasado
78,616,285.43,2020-11-21,Inadimplente
79,245,153.4,2019-03-30,Atrasado
80,169,50.0,2021-01-04,Pago
81,628,286.96,2021-02-16,Atrasado
82,653,427.69,2021-01-20,Inadimplente
83,418,50.0,2022-08-24,Inadimplente
84,356,200.1,2023-04-19,Pago
85,478,315.78,2020-01-06,Pago
86,125,434.99,2020-03-26,Pago
87,537,262.52,2019-06-16,Pago
88,706,531.72,2020-01-27,Pago
89,612,84.56,2023-07-19,Inadimplente
90,402,57.97,2021-01-05,Pago
91,517,422.13,2020-05-05,Atrasado
92,531,50.0,2021-07-13,Pago
93,682,355.38,2022-03-19,Pago
94,786,264.66,2023-01-31,Pago
95,254,191.88,2023-09-21,Pago
96,121,248.8,2021-12-02,Atrasado
97,32,145.31,2021-08-02,Pago
98,661,261.8,2019-01-29,Pago
99,778,302.09,2023-07-14,Pago
100,37,250.05,2021-11-20,Pago
101,689,229.81,2020-11-23,Inadimplente
102,342,330.5,2023-08-25,Pago
103,13,499.15,2019-05-08,Pago
104,183,268.06,2021-02-05,Atrasado
105,657,398.4,2022-08-10,Pago
106,265,184.06,2020-03-16,Atrasado
107,88,139.91,2021-05-18,Pago
108,462,354.4,2022-11-12,Pago
109,46,271.98,2023-11-25,Inadimplente
110,392,435.54,2023-07-24,Atrasado
111,119,459.05,2020-06-07,Pago
112,531,400.69,2023-04-20,Pago
113,447,398.08,2023-09-30,Inadimplente
114,732,50.0,2021-01-29,Pago
115,745,353.34,2019-04-20,Pago
116,606,403.55,2022-09-13,Pago
117,763,147.39,2022-11-29,Pago
118,762,301.05,2022-06-22,Pago
119,794,174.87,2023-11-21,Atrasado
120,744,423.3,2024-01-27,Pago
121,46,185.28,2019-06-12,Atrasado
122,508,204.86,2020-07-13,Pago
123,558,244.31,2020-02-03,Pago
124,526,569.93,2020-08-05,Pago
125,597,420.56,2020-02-03,Pago
126,3,493.51,2023-02-25,Pago
127,28,82.43,2023-07-28,Pago
128,381,147.68,2019-08-27,Atrasado
129,157,460.63,2023-01-28,Pago
130,511,88.78,2023-05-23,Pago
131,333,219.4,2023-12-19,Inadimplente
132,687,546.64,2021-11-21,Inadimplente
133,114,184.38,2022-02-20,Pago
134,389,81.48,2023-04-07,Pago
135,487,305.7,2023-08-18,Pago
136,250,86.43,2019-04-20,Atrasado
137,571,448.47,2022-07-18,Pago
138,715,192.62,2022-11-04,Pago
139,315,168.57,2019-10-27,Atrasado
140,239,303.53,2023-07-09,Inadimplente
141,234,251.47,2023-10-22,Atrasado
142,303,330.28,2021-09-28,Pago
143,607,362.58,2023-11-01,Pago
144,653,273.93,2021-02-02,Pago
145,334,160.63,2019-09-06,Pago
146,113,387.66,2020-06-04,Pago
147,621,216.79,2019-02-03,Pago
148,362,195.71,2019-08-16,Pago
149,97,317.12,2020-08-07,Pago
150,16,68.56,2022-11-23,Atrasado
151,556,346.91,2021-08-15,Atrasado
152,376,323.49,2021-03-23,Inadimplente
153,742,434.62,2020-12-24,Atrasado
154,390,239.95,2020-08-06,Pago
155,620,458.98,2020-07-23,Pago
156,217,363.56,2019-08-08,Pago
157,399,296.79,2022-10-26,Pago
158,260,518.0,2021-02-25,Inadimplente
159,320,311.43,2023-11-20,Pago
160,196,237.8,2020-06-11,Pago
161,478,314.86,2019-03-16,Pago
162,418,235.32,2023-06-30,Pago
163,475,344.84,2019-05-16,Pago
164,607,458.48,2019-03-15,Pago
165,568,299.04,2019-09-11,Pago
166,544,310.82,2021-11-07,Pago
167,231,395.74,2021-10-18,Inadimplente
168,521,442.47,2021-12-02,Pago
169,703,245.68,2019-02-19,Pago
170,200,320.68,2020-05-29,Pago
171,673,396.27,2021-01-13,Pago
172,599,339.59,2020-12-31,Pago
173,21,76.55,2020-07-24,Pago
174,311,417.93,2023-12-25,Atrasado
175,588,362.75,2024-01-12,Pago
176,653,371.27,2020-07-29,Pago
177,638,156.94,2023-05-25,Pago
178,763,318.29,2022-08-19,Pago
179,596,401.2,2022-03-11,Pago
180,434,194.33,2021-06-21,Pago
181,371,225.53,2019-07-21,Pago
182,560,403.26,2019-07-26,Pago
183,78,219.95,2020-02-19,Pago
184,542,274.98,2019-08-09,Atrasado
185,285,175.85,2022-10-17,Atrasado
186,648,518.39,2021-01-27,Pago
187,140,362.47,2022-01-09,Pago
188,553,269.35,2021-02-01,Pago
189,282,246.91,2020-07-16,Pago
190,562,152.6,2022-08-01,Pago
191,258,286.79,2020-01-04,Pago
192,360,379.81,2023-02-24,Pago
193,440,202.82,2021-06-14,Pago
194,270,312.66,2022-10-01,Pago
195,134,255.91,2019-07-23,Pago
196,746,465.61,2021-11-14,Pago
197,640,223.6,2021-08-14,Pago
198,104,393.26,2023-04-26,Pago
199,766,467.28,2019-03-10,Pago
200,95,254.74,2020-05-30,Pago
201,729,229.37,2023-02-24,Pago
202,573,410.72,2019-08-28,Pago
203,480,86.25,2019-12-27,Pago
204,780,351.67,2023-01-04,Pago
205,241,110.96,2021-11-20,Pago
206,13,446.69,2023-07-11,Atrasado
207,147,269.75,2020-12-07,Pago
208,752,289.11,2023-06-14,Pago
209,601,213.09,2020-11-20,Inadimplente
210,95,110.08,2020-10-18,Pago
211,293,451.9,2023-10-04,Pago
212,25,279.47,2022-09-07,Pago
213,272,685.05,2019-12-10,Pago
214,505,202.78,2023-10-05,Pago
215,166,222.4,2020-06-19,Pago
216,762,192.33,2019-12-21,Inadimplente
217,87,278.86,2023-02-03,Pago
218,654,489.03,2021-07-16,Pago
219,646,421.22,2021-09-09,Pago
220,791,119.45,2019-04-15,Pago
221,638,444.49,2023-12-16,Pago
222,491,381.93,2022-09-07,Pago
223,141,357.77,2023-05-15,Pago
224,103,217.89,2021-08-19,Pago
225,226,226.81,2020-06-10,Atrasado
226,575,316.45,2020-05-18,Pago
227,294,233.62,2022-01-13,Pago
228,306,457.52,2021-07-19,Pago
229,254,228.49,2020-12-09,Inadimplente
230,180,66.39,2019-08-23,Atrasado
231,40,143.83,2022-07-10,Pago
232,776,151.44,2021-10-26,Inadimplente
233,701,268.4,2020-05-08,Pago
234,520,325.93,2022-08-05,Pago
235,616,306.46,2023-05-13,Pago
236,737,355.31,2023-08-08,Pago
237,546,269.73,2021-05-27,Inadimplente
238,236,273.97,2023-04-27,Pago
239,463,510.22,2022-10-05,Pago
240,228,444.64,2022-05-08,Atrasado
241,700,349.0,2023-09-06,Pago
242,483,410.0,2021-08-24,Pago
243,430,68.85,2021-08-23,Pago
244,22,201.3,2021-08-21,Pago
245,343,248.14,2021-06-15,Pago
246,40,202.71,2022-09-20,Inadimplente
247,173,114.51,2023-06-19,Pago
248,439,350.47,2019-08-05,Pago
249,179,466.29,2020-09-14,Pago
250,598,298.46,2019-12-19,Pago
251,133,377.78,2020-11-22,Pago
252,351,294.9,2020-11-05,Atrasado
253,525,247.0,2020-09-22,Inadimplente
254,540,410.3,2019-11-21,Pago
255,506,128.62,2021-06-19,Pago
256,84,76.39,2022-06-05,Pago
257,464,126.92,2022-03-14,Pago
258,343,402.43,2019-11-04,Pago
259,280,310.47,2020-10-15,Pago
260,263,345.18,2023-07-16,Pago
261,166,501.23,2019-10-12,Atrasado
262,293,160.4,2020-01-27,Pago
263,509,444.5,2023-10-28,Pago
264,580,252.44,2019-12-26,Atrasado
265,226,234.2,2021-02-07,Pago
266,170,309.75,2021-03-07,Pago
267,598,328.53,2021-07-20,Pago
268,645,274.73,2019-06-14,Pago
269,448,373.24,2021-01-02,Atrasado
270,690,310.23,2020-08-03,Pago
271,502,276.08,2021-03-31,Pago
272,764,250.05,2022-06-01,Pago
273,527,328.6,2019-05-04,Atrasado
274,735,137.2,2019-12-10,Pago
275,379,171.06,2020-06-07,Pago
276,201,255.91,2021-12-11,Pago
277,619,365.39,2019-05-09,Atrasado
278,250,557.14,2022-03-04,Pago
279,409,280.88,2020-10-18,Pago
280,601,87.09,2022-02-24,Pago
281,125,205.17,2021-01-07,Pago
282,113,379.07,2021-07-27,Pago
283,137,183.57,2019-03-12,Pago
284,759,143.31,2019-09-30,Pago
285,496,378.44,2022-04-25,Pago
286,678,355.79,2021-10-23,Pago
287,150,123.3,2022-08-01,Pago
288,343,192.6,2019-01-22,Pago
289,580,449.36,2019-06-15,Pago
290,733,402.34,2022-08-26,Inadimplente
291,783,156.32,2021-05-24,Pago
292,321,61.33,2023-02-09,Pago
293,532,332.22,2020-05-12,Pago
294,289,264.47,2020-03-09,Pago
295,489,321.81,2021-01-27,Pago
296,492,376.16,2019-08-22,Pago
297,612,185.25,2021-04-16,Inadimplente
298,252,248.14,2023-08-21,Pago
299,77,192.11,2020-10-24,Atrasado
300,647,196.41,2020-12-25,Inadimplente
301,392,367.77,2020-01-11,Inadimplente
302,412,317.29,2020-12-30,Pago
303,173,112.45,2022-06-23,Pago
304,201,387.01,2019-10-30,Pago
305,217,257.99,2020-02-09,Pago
306,376,392.54,2023-12-17,Pago
307,720,178.23,2023-08-14,Pago
308,586,188.92,2020-12-08,Inadimplente
309,11,330.21,2021-07-05,Pago
310,799,168.42,2019-01-21,Pago
311,768,267.01,2019-09-14,Pago
312,12,154.79,2020-02-03,Pago
313,590,253.04,2023-04-02,Pago
314,435,296.18,2019-02-20,Pago
315,684,301.83,2020-03-22,Pago
316,608,256.23,2022-07-17,Pago
317,373,340.0,2021-04-06,Pago
318,273,317.74,2020-08-17,Pago
319,691,289.28,2021-03-28,Pago
320,576,224.9,2020-09-27,Pago
321,509,428.19,2023-12-31,Pago
322,132,346.35,2022-07-09,Pago
323,784,175.67,2022-10-20,Pago
324,319,377.87,2021-12-08,Pago
325,621,405.06,2023-03-22,Pago
326,785,290.21,2023-07-11,Pago
327,168,298.19,2022-02-15,Atrasado
328,397,52.94,2023-01-16,Pago
329,180,198.79,2021-02-13,Pago
330,58,401.24,2021-08-30,Pago
331,480,206.09,2023-07-23,Pago
332,591,280.82,2020-02-01,Pago
333,460,196.97,2020-11-13,Atrasado
334,61,327.7,2021-11-16,Atrasado
335,369,347.25,2020-12-11,Pago
336,121,350.46,2022-10-27,Inadimplente
337,719,163.28,2024-01-24,Pago
338,546,312.8,2022-01-25,Pago
339,582,489.19,2020-06-12,Pago
340,17,389.82,2020-11-15,Pago
341,496,311.2,2020-09-04,Pago
342,497,68.28,2019-07-05,Pago
343,505,270.08,2020-11-26,Pago
344,532,497.56,2019-08-03,Pago
345,315,458.23,2022-06-28,Pago
346,69,355.37,2019-08-04,Pago
347,727,213.68,2019-01-29,Pago
348,161,306.27,2019-04-12,Pago
349,614,392.82,2019-05-03,Pago
350,718,412.86,2019-02-23,Atrasado
351,145,337.51,2022-07-30,Pago
352,569,402.6,2023-06-26,Atrasado
353,595,292.96,2022-02-14,Pago
354,385,287.65,2020-09-07,Pago
355,269,244.93,2020-07-10,Atrasado
356,454,350.94,2019-04-24,Pago
357,699,420.04,2021-05-04,Pago
358,518,385.01,2023-04-16,Pago
359,350,153.84,2020-11-06,Pago
360,110,160.26,2021-09-03,Pago
361,483,432.44,2020-12-01,Pago
362,407,321.19,2022-08-09,Atrasado
363,650,325.88,2022-05-03,Pago
364,51,323.17,2019-10-19,Pago
365,403,510.2,2019-09-18,Atrasado
366,563,246.45,2022-05-15,Pago
367,476,434.0,2020-07-17,Pago
368,87,328.03,2019-02-18,Pago
369,68,107.94,2021-10-26,Pago
370,596,201.02,2020-01-14,Pago
371,42,227.16,2022-11-18,Pago
372,731,431.17,2019-08-12,Pago
373,57,447.28,2021-11-12,Inadimplente
374,738,342.46,2021-10-04,Pago
375,196,237.27,2020-10-18,Pago
376,760,190.68,2019-04-20,Pago
377,678,436.51,2020-12-24,Pago
378,62,145.85,2024-01-10,Pago
379,263,287.53,2020-07-06,Pago
380,112,583.74,2022-11-23,Pago
381,765,237.63,2022-04-10,Atrasado
382,711,147.4,2021-10-02,Pago
383,178,88.15,2020-11-28,Pago
384,26,588.48,2020-12-26,Pago
385,410,341.84,2019-11-02,Pago
386,758,195.71,2023-05-07,Pago
387,531,277.3,2023-05-25,Pago
388,777,220.45,2023-09-28,Inadimplente
389,317,76.37,2021-08-16,Pago
390,532,394.57,2021-08-11,Pago
391,106,304.06,2022-03-20,Pago
392,749,384.6,2022-12-22,Atrasado
393,464,300.79,2020-09-12,Pago
394,246,315.75,2023-01-30,Pago
395,81,50.0,2020-09-21,Pago
396,662,408.94,2021-05-26,Pago
397,396,169.4,2023-06-19,Pago
398,522,200.15,2023-11-27,Pago
399,736,236.66,2020-07-09,Pago
400,264,52.96,2019-03-08,Pago
401,661,230.09,2022-03-25,Pago
402,790,221.74,2021-04-14,Pago
403,274,254.66,2019-07-25,Pago
404,706,95.86,2021-02-24,Inadimplente
405,172,411.33,2019-06-04,Pago
406,265,347.77,2023-09-11,Pago
407,26,196.32,2023-03-13,Pago
408,469,230.21,2023-05-15,Pago
409,476,400.58,2022-01-02,Pago
410,356,269.1,2021-12-08,Pago
411,26,151.14,2021-02-21,Pago
412,34,289.97,2023-01-30,Pago
413,264,169.46,2020-08-07,Pago
414,138,215.06,2020-12-08,Pago
415,695,293.93,2019-06-28,Inadimplente
416,754,426.63,2021-12-07,Pago
417,566,542.8,2021-12-31,Pago
418,462,463.51,2019-04-23,Pago
419,168,291.38,2021-01-26,Pago
420,631,570.88,2021-06-15,Atrasado
421,655,366.99,2021-03-31,Pago
422,81,182.44,2019-06-08,Pago
423,757,311.35,2021-02-24,Pago
424,407,221.17,2023-12-09,Atrasado
425,574,150.25,2024-01-14,Pago
426,46,159.09,2021-11-19,Pago
427,599,282.33,2022-01-25,Pago
428,611,390.5,2019-09-08,Pago
429,53,428.18,2023-03-23,Pago
430,704,150.63,2022-01-20,Atrasado
431,476,263.61,2019-04-23,Pago
432,592,358.39,2019-09-16,Pago
433,16,318.22,2019-04-17,Pago
434,360,383.35,2020-07-28,Pago
435,487,247.84,2022-11-14,Pago
436,706,452.75,2021-09-17,Pago
437,502,299.49,2022-10-13,Pago
438,141,390.93,2023-12-12,Inadimplente
439,620,254.31,2022-05-07,Pago
440,777,307.01,2020-03-02,Inadimplente
441,447,108.48,2023-02-10,Pago
442,290,199.59,2021-05-08,Pago
443,209,275.1,2023-03-07,Pago
444,475,312.01,2023-08-09,Atrasado
445,413,621.74,2021-07-06,Pago
446,677,254.17,2023-05-16,Atrasado
447,427,134.8,2022-02-17,Atrasado
448,371,504.3,2023-05-16,Pago
449,664,429.46,2022-08-25,Pago
450,290,161.22,2023-04-11,Pago
451,432,355.83,2020-09-18,Pago
452,268,400.22,2020-04-19,Pago
453,151,319.66,2020-07-05,Pago
454,719,339.1,2019-12-10,Atrasado
455,255,224.13,2020-09-19,Pago
456,353,360.45,2019-05-16,Inadimplente
457,377,241.04,2019-10-04,Pago
458,653,50.0,2024-01-09,Pago
459,358,323.55,2023-04-06,Pago
460,608,98.89,2019-01-31,Pago
461,370,421.62,2019-09-04,Atrasado
462,227,164.3,2020-02-15,Inadimplente
463,705,50.0,2019-01-27,Atrasado
464,303,87.69,2019-03-14,Inadimplente
465,389,295.02,2022-01-25,Pago
466,377,322.38,2020-11-03,Pago
467,118,130.48,2022-10-01,Pago
468,5,171.31,2020-04-20,Atrasado
469,444,299.03,2022-08-16,Pago
470,352,416.67,2022-08-15,Inadimplente
471,755,154.79,2019-10-14,Pago
472,533,345.5,2023-01-12,Inadimplente
473,664,91.36,2019-07-31,Pago
474,640,337.91,2022-01-04,Pago
475,124,390.7,2020-02-05,Atrasado
476,658,362.9,2020-10-16,Atrasado
477,277,419.33,2021-11-23,Pago
478,394,411.33,2020-05-12,Inadimplente
479,664,521.63,2021-04-27,Atrasado
480,360,313.03,2023-03-20,Pago
481,623,521.99,2022-09-13,Pago
482,469,186.71,2019-04-08,Pago
483,628,275.36,2020-01-01,Pago
484,700,286.2,2023-10-19,Pago
485,57,174.87,2020-04-07,Pago
486,251,50.0,2019-01-28,Pago
487,150,404.32,2020-12-13,Pago
488,452,188.41,2022-11-10,Pago
489,162,251.9,2019-09-30,Pago
490,120,490.15,2021-04-05,Pago
491,582,368.65,2022-02-24,Pago
492,351,508.83,2019-07-21,Pago
493,99,314.46,2023-03-25,Inadimplente
494,167,366.66,2022-08-03,Pago
495,663,271.12,2020-03-25,Pago
496,514,198.16,2022-01-16,Pago
497,664,366.22,2022-09-03,Pago
498,401,247.69,2019-01-19,Pago
499,365,377.34,2023-06-05,Pago
500,577,231.54,2022-02-04,Pago
501,326,278.95,2023-01-21,Inadimplente
502,581,288.57,2019-11-07,Pago
503,633,429.24,2020-02-16,Atrasado
504,621,249.08,2021-01-11,Atrasado
505,247,442.44,2020-09-15,Pago
506,434,191.42,2021-01-01,Pago
507,93,332.38,2020-09-26,Pago
508,268,217.49,2020-05-12,Pago
509,615,433.89,2019-09-01,Atrasado
510,624,201.76,2020-11-20,Pago
511,321,213.99,2020-07-30,Pago
512,62,149.24,2022-11-04,Atrasado
513,300,312.36,2020-05-29,Inadimplente
514,403,370.93,2019-07-26,Pago
515,648,357.98,2021-08-05,Atrasado
516,567,282.69,2020-01-29,Pago
517,620,220.74,2021-11-10,Pago
518,303,266.56,2024-01-03,Pago
519,770,271.14,2023-03-31,Pago
520,253,330.31,2022-09-28,Pago
521,734,322.06,2020-12-18,Pago
522,478,508.77,2019-07-21,Pago
523,369,304.76,2019-04-30,Pago
524,679,343.3,2023-07-31,Pago
525,160,308.57,2024-01-10,Atrasado
526,166,260.79,2024-01-05,Pago
527,205,342.49,2020-01-24,Pago
528,267,249.52,2023-04-10,Atrasado
529,138,293.01,2024-01-22,Atrasado
530,368,439.11,2019-08-22,Pago
531,443,241.76,2023-07-15,Pago
532,760,346.48,2020-08-24,Inadimplente
533,567,50.0,2022-09-05,Atrasado
534,721,277.76,2020-12-12,Pago
535,17,240.95,2021-09-08,Pago
536,68,314.43,2022-04-18,Pago
537,133,271.65,2021-05-06,Pago
538,700,316.98,2022-10-23,Pago
539,430,254.56,2019-03-17,Pago
540,308,346.36,2020-10-10,Pago
541,650,94.24,2020-10-11,Atrasado
542,174,313.37,2020-05-10,Pago
543,412,187.55,2023-03-26,Pago
544,97,440.14,2022-05-09,Inadimplente
545,683,185.61,2021-04-09,Pago
546,154,419.43,2022-10-01,Pago
547,695,298.62,2020-04-27,Atrasado
548,242,80.55,2022-05-27,Pago
549,304,194.85,2021-12-19,Atrasado
550,285,401.74,2021-09-17,Pago
551,27,394.92,2023-08-10,Pago
552,402,144.08,2020-09-10,Inadimplente
553,360,487.54,2020-07-03,Pago
554,60,297.05,2020-10-07,Pago
555,202,406.18,2022-05-29,Pago
556,762,154.58,2024-01-13,Pago
557,581,245.29,2020-05-16,Atrasado
558,370,349.91,2022-03-02,Pago
559,533,262.42,2021-04-25,Pago
560,152,50.0,2019-02-22,Pago
561,102,277.11,2020-03-25,Pago
562,607,64.24,2019-03-03,Atrasado
563,446,171.52,2021-11-12,Atrasado
564,229,131.66,2019-02-13,Pago
565,125,435.91,2021-03-30,Pago
566,770,473.56,2023-05-01,Pago
567,236,340.99,2020-10-20,Pago
568,162,272.39,2020-12-28,Pago
569,554,303.4,2021-05-01,Pago
570,788,435.82,2019-02-16,Pago
571,353,61.99,2021-03-30,Inadimplente
572,68,170.99,2021-11-13,Pago
573,173,420.49,2023-08-08,Pago
574,637,445.47,2019-03-30,Pago
575,682,370.77,2022-04-12,Pago
576,559,174.6,2023-05-19,Pago
577,261,418.75,2022-02-16,Pago
578,217,463.37,2021-01-04,Inadimplente
579,124,386.19,2023-08-19,Pago
580,162,50.0,2019-06-27,Atrasado
581,201,314.95,2021-10-15,Pago
582,454,370.23,2024-01-30,Pago
583,402,238.13,2022-09-27,Pago
584,462,322.4,2023-05-11,Pago
585,275,238.38,2021-12-18,Pago
586,206,196.61,2021-06-19,Pago
587,40,481.27,2020-03-13,Pago
588,273,325.81,2022-12-22,Pago
589,700,167.28,2020-03-01,Atrasado
590,93,134.81,2021-08-25,Pago
591,42,196.68,2022-11-05,Pago
592,465,197.33,2020-04-30,Pago
593,379,317.58,2023-10-22,Pago
594,107,358.27,2022-04-23,Pago
595,328,358.14,2023-05-02,Pago
596,65,209.99,2020-04-04,Atrasado
597,365,410.48,2021-07-09,Atrasado
598,484,447.34,2022-01-30,Pago
599,647,268.8,2023-04-29,Atrasado
600,24,176.15,2021-11-04,Pago
601,540,312.03,2021-01-17,Atrasado
602,62,559.21,2019-02-20,Pago
603,491,173.0,2019-11-05,Pago
604,273,236.86,2021-11-23,Pago
605,229,306.89,2023-07-18,Pago
606,20,365.0,2021-10-01,Pago
607,3,61.73,2023-06-01,Inadimplente
608,421,456.71,2020-09-26,Pago
609,730,455.08,2019-07-24,Pago
610,307,249.02,2021-01-09,Pago
611,432,624.79,2021-12-29,Atrasado
612,136,447.32,2022-06-07,Inadimplente
613,515,440.93,2023-02-12,Pago
614,193,442.51,2020-06-16,Atrasado
615,585,439.05,2019-04-18,Atrasado
616,415,297.37,2021-05-25,Pago
617,118,285.48,2022-06-18,Atrasado
618,666,186.77,2019-09-08,Pago
619,209,230.72,2019-05-15,Pago
620,34,262.69,2022-01-18,Pago
621,649,307.86,2023-06-03,Pago
622,318,491.8,2023-01-03,Pago
623,120,50.0,2020-11-19,Pago
624,627,461.39,2022-08-14,Atrasado
625,525,178.57,2020-02-11,Atrasado
626,581,287.46,2022-08-24,Atrasado
627,769,213.07,2019-04-12,Pago
628,89,522.51,2022-10-16,Pago
629,512,240.01,2023-07-06,Pago
630,47,362.57,2020-11-23,Atrasado
631,772,368.79,2023-06-28,Pago
632,740,160.8,2023-04-01,Inadimplente
633,692,288.39,2023-06-20,Atrasado
634,522,444.52,2022-08-09,Pago
635,284,195.21,2022-03-15,Pago
636,377,399.48,2020-02-08,Pago
637,638,260.27,2021-03-24,Pago
638,134,439.64,2021-10-22,Pago
639,667,509.7,2022-02-16,Atrasado
640,248,59.06,2021-05-04,Pago
641,652,139.42,2023-06-18,Atrasado
642,318,247.38,2022-04-29,Atrasado
643,436,475.85,2021-10-23,Pago
644,176,363.9,2021-07-30,Pago
645,686,150.63,2021-10-17,Atrasado
646,586,381.47,2023-02-19,Pago
647,351,190.35,2023-07-05,Pago
648,143,404.46,2019-06-26,Pago
649,398,364.68,2022-07-04,Pago
650,624,189.83,2021-05-22,Pago
651,718,292.09,2023-04-07,Atrasado
652,643,446.96,2020-04-21,Pago
653,369,72.96,2020-02-02,Pago
654,501,336.13,2023-02-28,Inadimplente
655,622,167.17,2019-08-08,Pago
656,370,298.06,2019-06-22,Pago
657,579,354.93,2021-01-05,Atrasado
658,382,541.58,2022-11-14,Atrasado
659,86,296.84,2020-05-16,Pago
660,787,475.86,2023-05-20,Inadimplente
661,739,199.14,2023-12-18,Inadimplente
662,460,240.6,2021-01-30,Pago
663,325,370.45,2022-07-07,Pago
664,522,324.21,2019-05-11,Atrasado
665,489,260.59,2022-02-10,Pago
666,397,257.34,2021-03-08,Pago
667,355,460.0,2021-03-09,Atrasado
668,288,265.39,2021-07-18,Pago
669,459,177.5,2020-12-23,Pago
670,624,197.41,2021-11-09,Pago
671,536,380.39,2019-08-03,Pago
672,291,570.78,2022-08-26,Pago
673,168,237.12,2022-06-28,Pago
674,621,557.84,2020-05-02,Pago
675,428,298.7,2022-11-06,Pago
676,702,266.42,2022-12-03,Inadimplente
677,490,190.77,2022-07-18,Inadimplente
678,355,276.24,2022-12-01,Pago
679,196,209.26,2023-09-12,Pago
680,545,199.63,2022-05-02,Atrasado
681,717,101.75,2023-01-04,Atrasado
682,694,511.93,2019-11-09,Pago
683,659,427.73,2019-03-20,Pago
684,780,332.59,2019-06-29,Atrasado
685,11,282.72,2021-09-30,Pago
686,582,299.33,2020-11-05,Pago
687,256,206.77,2023-10-04,Pago
688,396,163.94,2019-01-14,Inadimplente
689,731,386.09,2021-05-08,Pago
690,409,268.53,2019-09-03,Pago
691,362,339.09,2021-11-03,Pago
692,259,100.51,2019-04-09,Atrasado
693,3,262.15,2019-02-02,Pago
694,84,161.6,2022-12-30,Pago
695,156,358.09,2019-09-14,Pago
696,663,419.43,2019-02-03,Pago
697,176,475.16,2019-01-19,Pago
698,707,224.52,2023-08-15,Pago
699,472,164.65,2022-07-07,Pago
700,619,249.77,2023-08-27,Pago
701,424,216.08,2020-08-11,Pago
702,134,351.75,2024-01-24,Pago
703,788,131.67,2022-12-10,Pago
704,380,89.47,2019-05-17,Pago
705,667,258.43,2019-12-25,Pago
706,277,387.18,2023-10-10,Pago
707,236,176.71,2021-01-23,Pago
708,752,401.89,2023-05-22,Atrasado
709,13,343.84,2022-02-13,Pago
710,342,485.62,2020-02-08,Pago
711,35,203.73,2022-05-10,Pago
712,559,107.22,2022-10-31,Pago
713,214,371.83,2019-09-07,Pago
714,412,333.58,2020-03-21,Pago
715,405,324.3,2021-08-11,Pago
716,494,174.26,2019-10-05,Pago
717,658,393.02,2019-04-22,Pago
718,159,223.99,2023-02-05,Pago
719,637,324.25,2021-01-15,Pago
720,110,244.85,2020-11-18,Pago
721,549,342.53,2020-01-27,Pago
722,789,156.58,2021-08-26,Pago
723,526,359.96,2019-05-23,Pago
724,347,378.91,2021-11-21,Pago
725,744,313.92,2019-06-30,Pago
726,636,497.27,2020-08-01,Pago
727,279,324.86,2023-03-20,Pago
728,479,410.25,2021-03-08,Pago
729,111,311.09,2019-09-26,Pago
730,636,399.53,2022-06-13,Atrasado
731,431,116.0,2022-07-24,Atrasado
732,542,303.95,2020-07-06,Pago
733,115,164.77,2020-09-24,Atrasado
734,90,316.85,2019-10-02,Pago
735,212,346.1,2021-01-12,Pago
736,550,396.9,2024-01-14,Inadimplente
737,595,358.79,2019-03-27,Atrasado
738,539,259.58,2021-12-22,Inadimplente
739,729,209.57,2020-02-08,Pago
740,360,50.0,2019-07-11,Pago
741,486,308.26,2022-08-09,Pago
742,372,436.54,2021-11-20,Pago
743,215,313.01,2022-09-15,Pago
744,733,289.83,2023-08-09,Atrasado
745,15,317.17,2019-04-17,Pago
746,259,253.47,2020-09-13,Pago
747,778,323.4,2019-10-03,Pago
748,463,251.4,2023-10-12,Pago
749,120,192.13,2020-10-12,Pago
750,128,290.96,2023-06-10,Inadimplente
751,723,288.35,2020-07-09,Pago
752,523,525.02,2022-01-10,Pago
753,688,203.32,2021-12-23,Atrasado
754,645,280.87,2024-01-31,Inadimplente
755,325,269.2,2020-07-20,Atrasado
756,320,246.28,2020-08-08,Atrasado
757,506,361.57,2021-06-03,Pago
758,526,568.56,2019-05-09,Inadimplente
759,50,261.5,2019-09-13,Pago
760,584,361.91,2021-07-22,Atrasado
761,69,70.52,2019-08-19,Pago
762,391,252.78,2023-03-01,Pago
763,383,486.63,2022-03-06,Pago
764,16,293.4,2021-05-12,Pago
765,439,360.28,2023-01-18,Pago
766,568,225.27,2019-12-21,Pago
767,617,330.91,2023-07-06,Atrasado
768,132,495.93,2023-02-17,Pago
769,560,160.79,2024-01-18,Pago
770,248,562.39,2019-05-26,Atrasado
771,273,114.49,2021-11-22,Pago
772,623,241.74,2019-09-17,Pago
773,349,199.69,2019-03-28,Pago
774,484,267.3,2021-04-22,Pago
775,550,198.13,2019-09-22,Inadimplente
776,357,189.03,2024-01-30,Inadimplente
777,752,157.59,2023-04-15,Pago
778,318,377.29,2020-01-27,Pago
779,633,271.45,2019-08-20,Pago
780,48,240.06,2021-06-19,Pago
781,10,333.87,2020-08-10,Pago
782,233,120.64,2020-03-22,Pago
783,36,336.76,2022-02-26,Pago
784,413,288.75,2022-07-18,Pago
785,462,292.44,2022-01-17,Pago
786,4,362.3,2020-04-10,Pago
787,44,497.22,2021-07-22,Inadimplente
788,568,338.76,2022-04-08,Pago
789,554,276.02,2019-05-08,Atrasado
790,255,158.08,2022-04-12,Atrasado
791,740,50.0,2021-11-15,Pago
792,114,315.35,2020-07-26,Pago
793,749,148.84,2020-05-25,Pago
794,397,50.0,2020-05-02,Pago
795,174,257.9,2021-06-09,Pago
796,255,328.74,2020-08-01,Inadimplente
797,466,389.32,2021-08-07,Inadimplente
798,277,427.35,2020-02-10,Pago
799,464,405.09,2021-11-15,Inadimplente
800,502,408.31,2022-01-11,Pago
801,441,123.83,2019-12-30,Atrasado
802,69,282.05,2022-10-22,Pago
803,509,369.58,2021-12-19,Pago
804,326,305.56,2020-07-04,Pago
805,742,281.38,2023-07-17,Atrasado
806,67,303.37,2019-10-19,Pago
807,304,329.46,2021-02-27,Pago
808,484,290.77,2021-03-26,Inadimplente
809,548,198.45,2023-12-23,Inadimplente
810,417,95.66,2019-07-10,Pago
811,159,275.52,2020-04-05,Pago
812,149,306.9,2024-01-02,Pago
813,27,305.59,2020-10-25,Pago
814,584,414.35,2019-08-21,Pago
815,248,435.67,2020-04-18,Pago
816,101,287.52,2022-11-29,Pago
817,702,288.38,2020-10-19,Pago
818,96,368.78,2019-09-28,Pago
819,384,351.19,2022-03-03,Pago
820,282,246.89,2019-06-20,Pago
821,322,379.08,2022-12-09,Pago
822,396,282.44,2019-01-28,Pago
823,278,284.99,2019-05-16,Pago
824,529,352.03,2021-07-13,Atrasado
825,263,263.86,2020-02-09,Pago
826,619,311.36,2021-09-03,Pago
827,580,335.71,2021-06-06,Pago
828,640,398.06,2023-03-09,Pago
829,293,389.78,2022-06-18,Pago
830,294,332.05,2021-05-05,Inadimplente
831,608,50.0,2020-03-19,Pago
832,395,329.2,2020-03-09,Pago
833,513,347.75,2022-06-05,Pago
834,180,372.11,2020-05-23,Atrasado
835,693,185.28,2023-12-28,Pago
836,235,50.0,2022-08-19,Pago
837,337,396.74,2019-02-03,Pago
838,8,153.06,2021-10-22,Atrasado
839,443,446.66,2019-12-28,Pago
840,539,230.56,2022-05-03,Pago
841,658,176.74,2020-08-28,Inadimplente
842,91,341.95,2022-08-24,Inadimplente
843,272,373.94,2023-07-29,Pago
844,5,366.79,2020-12-16,Inadimplente
845,594,360.19,2019-09-07,Pago
846,219,215.07,2019-05-27,Pago
847,118,116.77,2022-10-01,Pago
848,593,253.24,2019-12-14,Pago
849,582,162.52,2022-07-01,Pago
850,115,351.91,2020-02-03,Pago
851,263,404.91,2022-09-19,Atrasado
852,306,320.72,2022-04-14,Atrasado
853,654,299.89,2019-05-05,Pago
854,422,262.75,2021-02-01,Pago
855,207,417.64,2020-02-02,Pago
856,623,80.34,2019-05-11,Pago
857,303,155.26,2023-05-05,Pago
858,112,519.21,2020-08-27,Pago
859,417,149.4,2021-06-10,Pago
860,555,363.72,2021-04-01,Pago
861,285,388.41,2021-06-20,Atrasado
862,640,68.85,2021-08-02,Atrasado
863,185,91.88,2022-12-01,Pago
864,741,451.77,2021-01-01,Pago
865,221,183.25,2019-11-30,Pago
866,444,186.52,2021-11-09,Pago
867,117,237.49,2019-07-24,Pago
868,70,183.54,2023-06-15,Pago
869,70,363.15,2021-08-13,Pago
870,622,158.16,2019-12-21,Pago
871,427,64.11,2022-04-11,Pago
872,644,438.76,2022-04-27,Pago
873,568,164.05,2021-04-03,Pago
874,443,209.76,2021-10-22,Inadimplente
875,601,399.58,2021-07-29,Atrasado
876,137,308.43,2019-06-17,Pago
877,504,433.48,2020-01-03,Pago
878,131,401.42,2020-06-19,Atrasado
879,218,245.59,2021-08-20,Pago
880,688,422.63,2020-08-02,Atrasado
881,171,320.13,2022-10-25,Pago
882,475,228.19,2023-09-26,Inadimplente
883,612,334.85,2023-06-08,Atrasado
884,129,142.86,2021-08-07,Pago
885,57,400.06,2022-12-31,Pago
886,181,384.49,2019-07-26,Pago
887,246,314.44,2021-12-08,Pago
888,144,69.81,2020-06-27,Pago
889,51,438.53,2024-01-27,Pago
890,368,352.45,2023-09-02,Pago
891,459,297.24,2019-05-09,Pago
892,218,278.32,2023-01-10,Atrasado
893,616,235.59,2020-09-05,Pago
894,567,258.66,2019-02-04,Pago
895,257,392.31,2021-03-29,Pago
896,156,237.99,2019-07-18,Pago
897,565,267.08,2024-01-11,Pago
898,442,284.69,2019-03-18,Inadimplente
899,699,287.98,2020-01-04,Pago
900,662,225.86,2021-04-12,Pago
901,776,279.58,2020-06-09,Pago
902,762,341.2,2019-12-15,Pago
903,723,191.42,2020-05-20,Atrasado
904,25,280.13,2020-10-04,Pago
905,664,531.72,2019-08-26,Pago
906,536,292.42,2022-07-27,Pago
907,764,188.35,2023-05-20,Inadimplente
908,60,174.31,2022-12-26,Pago
909,467,148.18,2019-05-18,Atrasado
910,434,495.25,2022-07-16,Pago
911,66,420.96,2023-10-30,Pago
912,565,145.24,2022-05-09,Pago
913,106,325.64,2022-03-11,Pago
914,96,446.98,2020-09-03,Pago
915,688,295.14,2023-08-01,Pago
916,551,241.01,2020-11-10,Pago
917,168,568.91,2023-06-23,Atrasado
918,42,71.36,2024-01-21,Pago
919,104,615.91,2024-01-29,Pago
920,204,307.2,2021-04-18,Pago
921,520,454.85,2021-07-26,Pago
922,282,155.93,2019-12-21,Pago
923,43,212.93,2020-07-31,Pago
924,110,170.41,2021-04-26,Pago
925,210,287.88,2022-09-14,Pago
926,749,336.93,2020-07-12,Pago
927,49,428.02,2021-04-28,Atrasado
928,115,94.63,2022-06-08,Pago
929,155,318.83,2022-08-24,Pago
930,649,407.39,2023-08-09,Atrasado
931,503,429.86,2023-10-09,Pago
932,679,247.14,2022-03-15,Pago
933,711,248.63,2022-03-21,Pago
934,71,288.96,2023-12-20,Atrasado
935,519,322.33,2019-05-20,Inadimplente
936,712,456.31,2020-10-24,Pago
937,336,154.79,2019-01-21,Pago
938,67,205.65,2022-07-01,Pago
939,493,140.23,2019-03-05,Pago
940,650,351.33,2022-05-26,Pago
941,754,432.16,2021-12-31,Inadimplente
942,213,129.48,2021-09-16,Pago
943,181,310.64,2019-06-11,Pago
944,766,423.48,2019-05-10,Atrasado
945,613,394.15,2020-08-03,Pago
946,599,392.73,2019-08-13,Pago
947,697,157.21,2023-11-17,Pago
948,603,392.33,2020-08-02,Pago
949,248,277.69,2023-01-17,Pago
950,214,428.42,2021-09-09,Pago
951,359,353.9,2021-10-01,Pago
952,249,202.14,2022-11-08,Inadimplente
953,638,333.46,2019-04-17,Pago
954,516,398.22,2020-09-12,Pago
955,88,239.24,2021-04-19,Pago
956,663,315.46,2022-01-31,Pago
957,176,139.61,2022-03-10,Pago
958,723,365.88,2020-07-30,Inadimplente
959,426,293.25,2022-03-03,Atrasado
960,771,409.69,2019-07-18,Pago
961,603,362.5,2020-05-24,Atrasado
962,771,251.14,2020-10-28,Pago
963,703,198.44,2019-03-20,Pago
964,81,170.83,2021-06-12,Pago
965,138,239.11,2023-02-14,Atrasado
966,433,406.45,2020-05-26,Pago
967,470,89.25,2019-09-07,Pago
968,350,175.71,2021-06-07,Atrasado
969,126,403.08,2021-10-20,Pago
970,309,459.47,2020-08-21,Pago
971,230,182.02,2024-01-14,Pago
972,460,174.38,2021-01-22,Pago
973,345,468.86,2020-08-22,Pago
974,310,285.17,2021-09-01,Pago
975,20,192.65,2020-04-27,Inadimplente
976,561,425.35,2021-04-15,Pago
977,647,360.42,2019-06-21,Pago
978,541,388.4,2021-05-18,Pago
979,560,198.91,2019-01-17,Atrasado
980,477,344.98,2023-10-25,Inadimplente
981,269,449.55,2022-08-10,Pago
982,3,376.9,2020-01-29,Pago
983,770,410.38,2024-01-20,Atrasado
984,16,468.38,2023-03-02,Atrasado
985,606,351.32,2022-05-27,Pago
986,358,232.19,2019-08-22,Pago
987,646,405.25,2022-11-14,Pago
988,133,167.32,2019-09-05,Pago
989,312,273.32,2019-02-21,Inadimplente
990,482,370.57,2019-01-15,Pago
991,544,50.0,2022-09-09,Pago
992,305,330.3,2020-03-16,Pago
993,269,335.96,2022-02-09,Pago
994,414,163.69,2020-11-26,Pago
995,25,339.1,2019-01-07,Pago
996,316,322.79,2023-05-06,Pago
997,571,304.08,2021-04-05,Pago
998,725,442.73,2023-11-12,Pago
999,668,405.47,2022-06-22,Atrasado
1000,276,376.8,2023-01-11,Inadimplente
1001,389,177.09,2022-10-20,Pago
1002,722,297.92,2022-10-22,Atrasado
1003,444,442.13,2023-09-18,Pago
1004,427,274.24,2022-08-03,Pago
1005,57,486.51,2023-06-16,Inadimplente
1006,697,380.3,2022-02-03,Pago
1007,566,505.15,2021-11-02,Pago
1008,721,171.92,2022-03-15,Inadimplente
1009,368,281.44,2020-04-22,Atrasado
1010,342,292.78,2020-09-22,Pago
1011,304,372.74,2020-12-15,Inadimplente
1012,764,211.37,2023-08-04,Pago
1013,374,107.09,2019-04-25,Pago
1014,112,345.38,2020-05-23,Pago
1015,6,256.02,2022-03-21,Pago
1016,703,243.52,2019-02-26,Pago
1017,279,216.86,2020-01-17,Pago
1018,382,314.87,2022-03-26,Pago
1019,13,170.78,2021-08-09,Pago
1020,303,276.7,2024-01-20,Pago
1021,556,200.55,2022-03-02,Pago
1022,617,226.9,2022-04-01,Inadimplente
1023,160,342.46,2019-10-02,Pago
1024,154,378.17,2023-09-15,Pago
1025,754,263.27,2022-01-05,Pago
1026,181,416.14,2019-02-13,Atrasado
1027,526,183.27,2020-12-18,Pago
1028,180,117.61,2023-04-23,Pago
1029,377,139.64,2019-11-14,Pago
1030,776,170.95,2020-06-17,Pago
1031,168,142.45,2023-05-28,Pago
1032,214,542.54,2023-11-12,Pago
1033,150,113.97,2022-03-23,Inadimplente
1034,16,412.49,2019-08-25,Pago
1035,91,296.98,2021-06-11,Atrasado
1036,120,326.95,2020-05-31,Inadimplente
1037,253,191.31,2022-05-29,Inadimplente
1038,60,339.05,2022-08-26,Inadimplente
1039,266,190.33,2023-06-10,Atrasado
1040,409,410.73,2022-04-15,Pago
1041,31,420.66,2023-11-30,Pago
1042,21,283.82,2022-05-28,Pago
1043,731,291.68,2019-02-07,Atrasado
1044,593,351.93,2020-10-15,Pago
1045,289,345.79,2022-12-25,Pago
1046,543,422.9,2021-01-16,Pago
1047,498,419.5,2022-05-11,Atrasado
1048,746,296.54,2021-04-20,Atrasado
1049,474,242.73,2024-01-04,Pago
1050,405,397.39,2020-03-23,Pago
1051,548,281.25,2023-02-27,Pago
1052,132,313.65,2020-11-14,Pago
1053,324,363.64,2019-05-05,Pago
1054,132,417.07,2021-12-24,Pago
1055,521,331.3,2021-03-03,Inadimplente
1056,30,229.54,2021-02-22,Pago
1057,627,515.64,2022-06-21,Pago
1058,301,483.64,2023-03-31,Pago
1059,4,177.84,2019-08-14,Pago
1060,325,190.59,2020-04-09,Pago
1061,509,205.68,2020-10-04,Pago
1062,237,401.83,2023-09-27,Inadimplente
1063,535,520.22,2019-10-20,Pago
1064,16,239.25,2020-12-21,Pago
1065,534,320.31,2022-11-05,Inadimplente
1066,584,209.69,2023-07-07,Atrasado
1067,446,504.02,2021-01-25,Pago
1068,503,398.98,2019-06-15,Pago
1069,230,201.04,2023-09-23,Inadimplente
1070,107,50.0,2021-02-07,Inadimplente
1071,720,424.51,2022-05-26,Inadimplente
1072,389,231.3,2021-10-03,Pago
1073,720,401.13,2021-05-20,Pago
1074,263,335.24,2022-07-22,Pago
1075,563,79.88,2021-12-11,Pago
1076,65,203.19,2022-10-29,Inadimplente
1077,265,257.5,2023-08-21,Atrasado
1078,338,218.91,2022-10-18,Pago
1079,301,313.94,2020-07-20,Pago
1080,378,348.17,2021-11-03,Pago
1081,175,514.72,2023-12-10,Pago
1082,152,356.67,2022-09-25,Pago
1083,476,478.93,2020-08-24,Pago
1084,266,242.78,2023-04-12,Pago
1085,329,439.83,2022-01-17,Pago
1086,163,254.26,2021-06-23,Pago
1087,438,189.96,2019-02-10,Inadimplente
1088,343,184.89,2022-08-20,Pago
1089,367,50.0,2022-07-15,Inadimplente
1090,465,402.49,2022-03-07,Pago
1091,750,145.18,2021-10-26,Pago
1092,199,468.98,2019-08-30,Pago
1093,500,279.09,2019-06-11,Atrasado
1094,16,113.42,2021-10-15,Pago
1095,296,165.87,2020-11-22,Pago
1096,511,322.88,2021-03-19,Pago
1097,788,74.41,2021-09-05,Pago
1098,239,370.79,2020-06-01,Pago
1099,581,118.04,2021-06-16,Pago
1100,301,211.32,2021-02-21,Pago
1101,6,323.85,2022-11-25,Pago
1102,220,356.11,2021-02-22,Pago
1103,766,395.73,2022-03-25,Pago
1104,453,143.21,2019-03-26,Inadimplente
1105,433,262.99,2023-10-02,Pago
1106,386,431.16,2021-10-30,Inadimplente
1107,619,263.01,2019-05-18,Pago
1108,295,335.31,2021-01-23,Atrasado
1109,118,319.49,2021-06-24,Pago
1110,405,456.15,2020-12-13,Pago
1111,680,244.09,2019-06-05,Atrasado
1112,763,133.21,2020-02-12,Atrasado
1113,594,183.86,2021-02-25,Atrasado
1114,566,322.66,2022-06-02,Atrasado
1115,752,111.66,2020-08-02,Pago
1116,12,234.67,2022-04-22,Pago
1117,209,309.05,2022-05-03,Pago
1118,165,208.01,2020-07-07,Atrasado
1119,294,339.22,2020-01-31,Pago
1120,519,386.93,2023-08-14,Inadimplente
1121,78,354.59,2023-06-08,Pago
1122,434,114.3,2022-03-03,Pago
1123,577,309.5,2022-08-25,Pago
1124,614,318.89,2021-03-20,Pago
1125,799,254.29,2021-08-19,Pago
1126,683,337.6,2020-06-25,Pago
1127,77,333.29,2021-10-29,Inadimplente
1128,48,289.09,2021-09-13,Pago
1129,767,179.49,2019-06-19,Pago
1130,82,296.81,2019-10-17,Atrasado
1131,721,524.03,2022-04-06,Pago
1132,209,252.92,2022-09-29,Pago
1133,445,425.68,2023-03-01,Pago
1134,596,304.66,2022-03-14,Pago
1135,522,203.91,2022-12-07,Pago
1136,29,264.41,2021-01-09,Atrasado
1137,304,297.98,2024-01-16,Pago
1138,465,378.63,2020-08-10,Pago
1139,502,585.61,2021-01-04,Pago
1140,446,306.56,2023-09-09,Pago
1141,628,152.3,2020-04-01,Pago
1142,490,101.45,2020-12-01,Pago
1143,781,249.39,2021-09-05,Pago
1144,428,164.63,2022-08-18,Atrasado
1145,559,366.95,2019-02-15,Pago
1146,359,367.83,2021-11-06,Pago
1147,91,282.48,2023-05-21,Pago
1148,53,378.89,2022-10-15,Pago
1149,730,307.77,2022-07-08,Atrasado
1150,589,524.11,2022-02-20,Pago
1151,204,375.13,2019-08-19,Pago
1152,556,407.47,2021-08-07,Pago
1153,156,126.22,2020-09-28,Pago
1154,2,159.45,2019-04-22,Pago
1155,357,357.46,2023-12-13,Pago
1156,569,114.09,2020-08-15,Inadimplente
1157,58,225.06,2022-06-23,Pago
1158,254,441.53,2021-05-08,Pago
1159,180,222.5,2020-01-26,Atrasado
1160,493,154.83,2020-01-27,Pago
1161,669,380.11,2019-11-24,Pago
1162,35,548.82,2022-05-23,Pago
1163,75,202.96,2021-01-16,Pago
1164,289,446.88,2020-01-02,Atrasado
1165,371,188.02,2019-03-23,Pago
1166,587,286.5,2021-03-16,Atrasado
1167,329,291.7,2021-04-01,Pago
1168,590,206.16,2022-01-04,Pago
1169,767,405.05,2023-03-31,Pago
1170,777,115.23,2023-10-22,Pago
1171,304,323.41,2023-03-07,Pago
1172,579,428.9,2023-11-01,Pago
1173,221,395.06,2021-08-09,Pago
1174,164,358.95,2023-02-11,Inadimplente
1175,480,490.24,2020-01-07,Pago
1176,455,273.65,2022-07-12,Pago
1177,375,117.03,2019-09-21,Atrasado
1178,220,316.22,2019-04-20,Pago
1179,684,284.91,2019-11-03,Pago
1180,254,50.0,2022-05-08,Pago
1181,722,164.99,2019-08-14,Pago
1182,188,149.68,2019-07-04,Pago
1183,191,202.26,2021-08-21,Pago
1184,389,257.86,2019-01-31,Atrasado
1185,215,262.46,2020-09-05,Pago
1186,375,206.54,2023-11-30,Pago
1187,86,149.53,2019-04-09,Pago
1188,474,345.29,2022-09-24,Pago
1189,618,313.99,2021-03-21,Inadimplente
1190,531,317.6,2023-12-26,Pago
1191,47,513.48,2022-07-13,Pago
1192,65,319.54,2020-10-13,Pago
1193,475,256.0,2021-03-24,Pago
1194,146,287.3,2023-12-27,Pago
1195,798,311.86,2022-10-05,Pago
1196,382,373.9,2021-10-16,Pago
1197,66,294.63,2021-09-04,Pago
1198,517,66.85,2023-10-18,Pago
1199,93,247.59,2023-04-17,Pago
1200,426,300.18,2023-01-20,Pago
1201,468,456.5,2024-01-13,Inadimplente
1202,94,205.69,2019-03-29,Pago
1203,618,103.77,2021-12-22,Inadimplente
1204,133,307.73,2021-07-10,Pago
1205,434,403.95,2022-11-11,Atrasado
1206,341,252.79,2023-12-20,Pago
1207,314,585.97,2023-01-22,Pago
1208,591,557.7,2020-08-08,Pago
1209,212,291.3,2021-03-28,Pago
1210,520,322.41,2021-07-20,Pago
1211,159,464.25,2023-07-18,Pago
1212,268,289.22,2022-07-16,Pago
1213,661,203.51,2021-03-07,Pago
1214,603,406.67,2021-10-15,Pago
1215,748,355.73,2021-10-09,Pago
1216,474,203.12,2021-08-30,Pago
1217,410,333.5,2020-09-24,Pago
1218,474,280.79,2019-12-12,Pago
1219,356,253.79,2020-12-24,Pago
1220,680,205.7,2021-06-19,Pago
1221,193,314.57,2023-08-11,Pago
1222,699,268.1,2022-01-06,Inadimplente
1223,271,334.16,2022-10-20,Pago
1224,114,398.38,2021-11-03,Inadimplente
1225,523,327.79,2019-05-16,Pago
1226,55,329.84,2022-08-20,Inadimplente
1227,770,235.06,2020-02-01,Atrasado
1228,65,440.92,2021-03-02,Pago
1229,684,198.18,2019-03-20,Pago
1230,272,106.56,2023-11-14,Pago
1231,502,171.48,2020-12-05,Pago
1232,662,424.11,2021-09-08,Inadimplente
1233,362,355.07,2022-12-12,Inadimplente
1234,146,457.43,2022-06-19,Pago
1235,209,141.23,2021-12-10,Atrasado
1236,286,578.43,2021-01-13,Inadimplente
1237,10,265.96,2023-11-30,Pago
1238,739,88.76,2020-01-19,Pago
1239,186,563.49,2020-01-10,Pago
1240,574,142.79,2023-10-20,Pago
1241,597,252.25,2019-07-25,Pago
1242,464,275.31,2024-01-24,Pago
1243,134,353.29,2020-05-03,Pago
1244,171,205.04,2022-11-05,Pago
1245,213,424.72,2021-05-30,Atrasado
1246,530,390.44,2022-08-27,Pago
1247,502,302.29,2022-10-30,Pago
1248,572,458.92,2020-09-23,Atrasado
1249,600,291.86,2020-08-14,Pago
1250,27,266.92,2021-12-01,Pago
1251,68,539.77,2020-06-16,Pago
1252,790,335.49,2020-06-05,Pago
1253,408,181.72,2021-04-04,Inadimplente
1254,552,197.97,2022-03-22,Pago
1255,109,302.27,2022-08-28,Pago
1256,74,50.0,2022-08-10,Pago
1257,578,224.04,2020-08-20,Atrasado
1258,680,287.95,2019-04-23,Pago
1259,262,279.94,2023-09-21,Atrasado
1260,368,149.11,2022-02-09,Pago
1261,786,246.18,2022-04-13,Atrasado
1262,237,441.58,2024-01-20,Atrasado
1263,727,416.78,2022-08-18,Pago
1264,366,311.47,2023-03-20,Pago
1265,286,291.73,2021-01-03,Atrasado
1266,378,280.6,2022-05-29,Pago
1267,661,328.36,2022-04-09,Atrasado
1268,376,312.31,2019-11-14,Pago
1269,619,338.9,2021-09-22,Pago
1270,653,360.22,2019-08-01,Pago
1271,76,154.67,2019-09-10,Pago
1272,9,262.77,2019-05-04,Pago
1273,196,323.75,2023-07-22,Pago
1274,792,184.1,2022-05-21,Pago
1275,630,219.14,2020-09-15,Atrasado
1276,290,273.85,2022-01-13,Pago
1277,61,279.74,2023-03-20,Pago
1278,389,325.99,2021-12-24,Atrasado
1279,563,198.24,2022-09-03,Pago
1280,564,416.16,2022-10-01,Pago
1281,634,278.75,2023-07-14,Pago
1282,679,317.42,2022-06-20,Pago
1283,8,255.62,2021-06-16,Pago
1284,369,328.28,2022-03-06,Pago
1285,45,500.55,2019-09-04,Inadimplente
1286,344,254.51,2020-03-16,Pago
1287,757,234.66,2019-02-14,Pago
1288,796,200.38,2020-10-19,Atrasado
1289,375,292.85,2021-05-29,Pago
1290,619,291.46,2023-09-08,Pago
1291,27,306.17,2021-10-13,Atrasado
1292,193,356.19,2020-07-07,Pago
1293,357,341.06,2021-03-19,Inadimplente
1294,62,297.3,2021-08-28,Pago
1295,62,534.46,2022-01-17,Pago
1296,422,382.88,2020-12-30,Pago
1297,794,169.29,2021-10-17,Pago
1298,633,114.58,2021-08-11,Pago
1299,792,216.52,2022-06-05,Inadimplente
1300,551,318.32,2024-01-08,Atrasado
1301,380,206.46,2022-08-07,Pago
1302,277,224.68,2022-12-16,Inadimplente
1303,606,303.13,2021-12-26,Pago
1304,431,258.96,2022-06-28,Pago
1305,115,54.28,2021-11-30,Pago
1306,688,429.26,2019-04-09,Pago
1307,121,401.39,2022-08-22,Atrasado
1308,525,145.79,2021-05-21,Pago
1309,416,306.83,2023-01-19,Inadimplente
1310,163,166.01,2023-06-03,Pago
1311,787,226.94,2019-10-28,Pago
1312,688,358.34,2022-05-07,Pago
1313,337,397.21,2023-08-10,Inadimplente
1314,379,394.4,2020-05-02,Pago
1315,324,329.38,2022-02-03,Pago
1316,173,453.02,2022-11-25,Pago
1317,787,226.73,2023-09-25,Pago
1318,64,253.36,2021-10-01,Pago
1319,101,50.0,2020-04-21,Pago
1320,322,288.83,2022-02-19,Inadimplente
1321,66,369.56,2022-01-05,Pago
1322,557,334.23,2022-08-28,Pago
1323,599,225.12,2022-02-09,Pago
1324,458,401.34,2021-05-10,Pago
1325,579,291.14,2021-03-19,Inadimplente
1326,453,391.97,2023-09-02,Pago
1327,259,358.34,2020-06-01,Pago
1328,717,470.94,2022-05-05,Pago
1329,426,340.72,2022-01-26,Atrasado
1330,178,373.19,2020-04-03,Inadimplente
1331,280,290.79,2019-08-18,Pago
1332,344,239.65,2022-04-06,Pago
1333,17,358.89,2024-01-07,Pago
1334,296,480.33,2023-12-06,Pago
1335,202,226.09,2019-01-08,Pago
1336,684,270.22,2022-04-10,Pago
1337,774,303.2,2022-10-15,Pago
1338,194,382.19,2019-07-14,Pago
1339,149,341.45,2022-07-16,Atrasado
1340,375,409.57,2021-11-08,Pago
1341,35,536.87,2019-12-20,Pago
1342,369,223.33,2021-12-08,Pago
1343,29,373.17,2020-04-08,Pago
1344,775,338.48,2019-12-22,Pago
1345,221,302.28,2021-04-29,Pago
1346,53,372.73,2021-08-31,Pago
1347,791,267.98,2022-03-27,Pago
1348,353,338.77,2019-03-07,Atrasado
1349,392,143.36,2021-05-08,Pago
1350,76,235.34,2020-07-24,Pago
1351,494,425.7,2024-01-19,Pago
1352,688,421.09,2019-11-04,Pago
1353,522,331.13,2022-09-22,Pago
1354,117,245.63,2023-08-22,Pago
1355,280,399.03,2021-02-21,Atrasado
1356,730,448.38,2019-05-01,Atrasado
1357,175,250.52,2021-02-04,Pago
1358,746,125.4,2022-11-28,Pago
1359,764,353.9,2021-02-11,Pago
1360,295,409.65,2023-07-29,Pago
1361,451,370.5,2023-12-15,Pago
1362,518,487.81,2023-05-11,Pago
1363,21,488.32,2019-04-06,Pago
1364,73,263.35,2022-02-11,Pago
1365,36,323.88,2021-09-13,Pago
1366,507,240.42,2022-12-23,Pago
1367,233,177.35,2020-06-23,Pago
1368,728,184.39,2024-01-16,Inadimplente
1369,497,386.04,2019-01-02,Pago
1370,206,336.35,2022-05-20,Atrasado
1371,426,406.8,2020-08-02,Pago
1372,44,603.79,2023-07-22,Atrasado
1373,91,359.98,2019-11-29,Pago
1374,470,205.45,2021-11-13,Inadimplente
1375,605,424.22,2023-11-24,Pago
1376,467,203.22,2022-10-23,Pago
1377,454,509.8,2021-01-11,Pago
1378,595,63.43,2020-05-20,Pago
1379,333,234.41,2021-09-26,Pago
1380,507,374.66,2022-04-14,Pago
1381,794,441.3,2022-12-23,Pago
1382,470,218.76,2021-01-02,Pago
1383,21,197.01,2023-01-05,Pago
1384,228,317.8,2023-04-21,Pago
1385,376,529.08,2020-05-28,Pago
1386,130,115.39,2021-06-13,Inadimplente
1387,687,262.31,2019-12-27,Inadimplente
1388,620,331.22,2019-10-01,Atrasado
1389,414,204.49,2019-06-26,Atrasado
1390,795,204.07,2022-07-11,Pago
1391,71,271.99,2022-04-24,Inadimplente
1392,404,335.13,2020-06-10,Pago
1393,562,276.59,2021-07-01,Pago
1394,607,475.87,2019-10-06,Atrasado
1395,791,371.11,2020-12-06,Pago
1396,397,345.98,2022-05-06,Pago
1397,337,423.32,2022-10-04,Pago
1398,644,348.1,2022-12-15,Pago
1399,505,246.82,2022-08-21,Pago
1400,276,268.42,2019-03-05,Pago
1401,13,164.47,2019-10-17,Pago
1402,3,540.59,2019-01-18,Pago
1403,224,411.69,2019-03-05,Pago
1404,175,50.0,2019-11-26,Pago
1405,385,459.98,2021-02-01,Inadimplente
1406,602,124.09,2021-11-06,Pago
1407,241,362.48,2020-03-18,Atrasado
1408,547,50.0,2019-05-21,Pago
1409,14,248.62,2022-08-24,Pago
1410,195,460.91,2020-03-19,Pago
1411,397,467.6,2020-05-10,Pago
1412,431,336.81,2020-03-01,Pago
1413,306,394.5,2023-02-07,Pago
1414,334,130.37,2024-01-30,Pago
1415,725,364.6,2022-06-22,Pago
1416,410,402.12,2020-03-25,Pago
1417,3,608.37,2023-12-31,Inadimplente
1418,691,225.21,2019-12-17,Pago
1419,552,301.96,2020-08-21,Pago
1420,452,309.37,2020-12-11,Pago
1421,676,383.83,2021-05-19,Pago
1422,747,405.66,2022-03-30,Atrasado
1423,769,427.31,2022-03-09,Inadimplente
1424,495,418.56,2023-02-25,Pago
1425,417,122.27,2023-05-31,Pago
1426,391,50.0,2023-04-04,Pago
1427,373,238.27,2020-01-28,Pago
1428,628,295.75,2021-04-21,Pago
1429,52,226.41,2020-02-05,Inadimplente
1430,376,244.84,2019-02-19,Atrasado
1431,395,259.65,2021-01-13,Pago
1432,142,369.29,2022-08-11,Pago
1433,86,175.96,2022-12-19,Inadimplente
1434,464,290.66,2021-06-24,Pago
1435,46,291.58,2021-11-01,Pago
1436,238,366.56,2022-09-20,Pago
1437,10,439.43,2021-09-17,Pago
1438,664,502.09,2021-11-04,Pago
1439,573,210.48,2019-01-28,Pago
1440,530,60.0,2020-01-23,Pago
1441,598,270.97,2022-08-08,Pago
1442,649,109.37,2021-04-12,Pago
1443,742,628.15,2019-09-07,Pago
1444,640,195.25,2023-03-09,Pago
1445,616,367.66,2019-04-08,Pago
1446,698,412.09,2024-01-13,Pago
1447,178,340.87,2022-09-22,Pago
1448,6,549.21,2021-11-28,Pago
1449,307,275.7,2021-11-27,Inadimplente
1450,548,199.81,2022-08-16,Pago
1451,327,193.61,2019-06-28,Pago
1452,356,390.0,2023-06-21,Pago
1453,793,277.22,2021-06-10,Pago
1454,395,193.62,2023-02-01,Pago
1455,300,352.96,2022-07-29,Pago
1456,526,385.11,2021-01-19,Atrasado
1457,749,332.56,2022-04-02,Pago
1458,285,407.95,2020-03-28,Atrasado
1459,330,310.57,2019-04-07,Pago
1460,50,228.76,2023-11-28,Pago
1461,773,397.37,2019-11-05,Inadimplente
1462,622,193.19,2019-09-19,Pago
1463,709,164.53,2019-10-20,Atrasado
1464,378,438.71,2023-11-29,Atrasado
1465,764,258.26,2019-09-06,Inadimplente
1466,600,499.88,2019-09-02,Pago
1467,538,402.79,2019-09-08,Pago
1468,774,249.14,2019-05-03,Atrasado
1469,144,358.35,2019-11-21,Pago
1470,60,603.41,2021-09-12,Pago
1471,780,390.51,2023-09-01,Pago
1472,75,369.8,2020-05-15,Pago
1473,3,228.63,2020-11-17,Pago
1474,575,521.35,2023-12-10,Pago
1475,748,458.15,2023-10-06,Pago
1476,448,229.73,2021-12-25,Pago
1477,741,525.65,2024-01-25,Pago
1478,275,319.77,2021-04-15,Atrasado
1479,530,199.15,2019-02-28,Pago
1480,592,228.18,2020-12-31,Pago
1481,215,405.32,2023-03-02,Pago
1482,683,199.98,2022-10-28,Pago
1483,485,167.63,2019-09-23,Pago
1484,329,247.34,2023-08-04,Atrasado
1485,255,265.26,2019-08-24,Atrasado
1486,387,219.2,2021-06-16,Atrasado
1487,126,245.53,2019-08-06,Pago
1488,767,410.03,2023-03-31,Pago
1489,584,330.78,2024-01-12,Pago
1490,550,238.12,2023-01-04,Pago
1491,324,248.66,2023-08-01,Pago
1492,204,284.2,2022-11-30,Pago
1493,172,291.07,2023-11-03,Pago
1494,735,291.58,2023-06-13,Pago
1495,217,405.63,2021-09-01,Pago
1496,245,323.64,2020-08-11,Pago
1497,336,327.17,2023-07-30,Inadimplente
1498,703,471.21,2021-07-05,Pago
1499,298,525.2,2023-02-01,Pago
1500,182,152.28,2021-07-06,Pago
1501,334,110.53,2022-02-07,Inadimplente
1502,511,258.07,2019-12-19,Pago
1503,383,393.98,2024-01-11,Atrasado
1504,717,345.12,2019-04-01,Pago
1505,199,426.49,2022-12-08,Atrasado
1506,332,252.92,2020-12-02,Pago
1507,165,65.2,2019-03-14,Pago
1508,242,135.99,2020-11-15,Pago
1509,642,367.77,2023-04-20,Pago
1510,227,427.41,2020-12-22,Atrasado
1511,634,71.18,2022-08-14,Pago
1512,556,469.28,2023-07-27,Pago
1513,451,355.76,2022-07-30,Inadimplente
1514,196,291.55,2023-03-09,Pago
1515,204,224.78,2022-05-06,Inadimplente
1516,458,490.94,2021-08-15,Pago
1517,257,407.64,2021-11-21,Inadimplente
1518,529,358.9,2020-10-09,Pago
1519,272,212.23,2021-01-29,Pago
1520,9,493.7,2021-05-20,Pago
1521,761,303.64,2022-09-26,Pago
1522,201,335.88,2023-08-09,Pago
1523,59,308.77,2022-09-19,Pago
1524,393,208.13,2019-05-23,Inadimplente
1525,652,338.37,2023-11-05,Inadimplente
1526,119,383.63,2022-12-04,Inadimplente
1527,553,247.01,2021-08-06,Inadimplente
1528,399,328.09,2019-02-13,Atrasado
1529,331,307.02,2019-02-01,Inadimplente
1530,267,409.82,2023-11-02,Atrasado
1531,520,264.13,2019-01-28,Pago
1532,695,327.19,2021-10-16,Atrasado
1533,480,352.46,2020-02-27,Inadimplente
1534,134,261.41,2020-05-05,Pago
1535,693,200.96,2019-06-09,Pago
1536,355,220.49,2021-04-24,Pago
1537,584,349.1,2022-05-15,Atrasado
1538,498,271.76,2019-01-18,Inadimplente
1539,625,270.17,2022-01-31,Pago
1540,107,372.5,2023-05-25,Pago
1541,290,422.34,2023-07-13,Pago
1542,629,443.01,2023-08-02,Pago
1543,632,226.5,2020-11-02,Pago
1544,147,410.73,2019-08-20,Pago
1545,327,550.2,2023-08-11,Inadimplente
1546,415,315.13,2020-02-28,Pago
1547,210,291.2,2021-06-22,Pago
1548,296,266.19,2021-01-24,Inadimplente
1549,398,172.35,2023-04-20,Pago
1550,103,401.07,2021-04-16,Pago
1551,636,291.74,2021-06-12,Pago
1552,757,282.03,2019-08-27,Pago
1553,508,382.48,2022-09-19,Atrasado
1554,209,393.54,2019-05-29,Inadimplente
1555,428,227.9,2020-09-14,Pago
1556,393,230.76,2022-12-02,Pago
1557,109,225.44,2019-01-17,Pago
1558,348,553.62,2021-07-02,Pago
1559,50,477.26,2019-08-14,Atrasado
1560,105,384.84,2020-10-13,Pago
1561,420,254.95,2023-08-07,Pago
1562,373,269.17,2019-09-17,Inadimplente
1563,27,343.61,2023-10-19,Inadimplente
1564,800,565.1,2020-11-04,Pago
1565,769,334.67,2023-06-16,Atrasado
1566,273,361.06,2019-06-23,Pago
1567,649,50.0,2019-07-24,Pago
1568,340,330.91,2020-02-19,Pago
1569,301,132.74,2023-03-12,Pago
1570,480,241.56,2022-03-22,Pago
1571,544,305.63,2022-01-31,Pago
1572,557,263.75,2023-10-04,Pago
1573,265,223.68,2021-03-02,Pago
1574,542,224.75,2021-12-24,Pago
1575,596,274.67,2022-02-14,Pago
1576,166,269.43,2023-08-16,Pago
1577,316,302.43,2022-03-25,Pago
1578,1,293.46,2023-08-27,Pago
1579,761,453.47,2022-01-10,Inadimplente
1580,261,54.05,2020-06-01,Pago
1581,63,329.4,2021-12-26,Pago
1582,483,308.52,2022-06-15,Pago
1583,676,283.9,2023-05-27,Atrasado
1584,321,215.3,2023-06-19,Atrasado
1585,201,282.03,2024-01-14,Pago
1586,222,103.98,2021-09-05,Pago
1587,152,324.81,2021-10-06,Pago
1588,644,346.57,2022-09-11,Inadimplente
1589,626,215.51,2020-08-12,Pago
1590,462,532.88,2019-03-08,Atrasado
1591,217,285.55,2022-04-14,Pago
1592,196,305.29,2024-01-31,Pago
1593,793,460.29,2020-11-14,Inadimplente
1594,202,557.05,2023-02-10,Atrasado
1595,647,165.2,2022-07-02,Pago
1596,234,230.74,2019-03-04,Pago
1597,141,287.68,2021-03-24,Pago
1598,708,210.86,2020-02-07,Pago
1599,498,401.53,2023-11-17,Pago
1600,555,197.64,2019-07-11,Pago
1601,57,451.99,2022-09-14,Pago
1602,504,374.84,2019-03-12,Pago
1603,142,439.69,2021-05-27,Pago
1604,722,198.18,2021-01-10,Pago
1605,584,253.98,2021-08-03,Pago
1606,736,407.76,2021-12-22,Pago
1607,539,385.99,2022-08-13,Pago
1608,640,265.58,2019-09-02,Pago
1609,106,282.66,2020-06-02,Pago
1610,165,247.88,2020-01-28,Pago
1611,215,279.43,2021-02-10,Pago
1612,71,184.16,2023-06-13,Pago
1613,716,164.01,2022-04-15,Pago
1614,665,420.65,2022-05-12,Atrasado
1615,579,275.35,2023-07-28,Inadimplente
1616,90,438.16,2023-06-06,Pago
1617,772,371.52,2023-04-06,Pago
1618,228,337.44,2021-06-29,Pago
1619,79,214.77,2022-02-25,Pago
1620,608,154.71,2022-05-03,Pago
1621,349,245.17,2022-05-02,Pago
1622,246,483.83,2019-07-03,Pago
1623,272,406.67,2019-09-04,Inadimplente
1624,403,233.95,2019-11-20,Pago
1625,669,246.53,2019-06-09,Pago
1626,116,188.51,2020-12-06,Atrasado
1627,435,114.35,2020-09-13,Pago
1628,530,312.19,2021-07-13,Pago
1629,442,507.01,2019-03-07,Pago
1630,172,508.52,2021-07-18,Pago
1631,16,372.95,2019-09-11,Pago
1632,752,227.68,2019-10-10,Pago
1633,56,126.06,2021-12-19,Pago
1634,591,425.65,2019-04-28,Pago
1635,103,353.67,2020-02-27,Inadimplente
1636,284,262.05,2020-07-09,Pago
1637,705,242.0,2023-10-12,Pago
1638,517,372.05,2019-02-05,Inadimplente
1639,618,200.81,2020-06-14,Pago
1640,278,328.71,2019-04-01,Pago
1641,612,153.62,2022-08-17,Pago
1642,750,567.42,2023-10-14,Pago
1643,269,217.55,2023-10-24,Pago
1644,400,377.81,2022-05-25,Pago
1645,503,156.24,2023-10-25,Inadimplente
1646,86,280.41,2019-04-08,Pago
1647,320,406.15,2023-01-19,Pago
1648,32,432.11,2020-06-14,Pago
1649,336,391.59,2024-01-07,Pago
1650,51,283.41,2020-06-21,Pago
1651,79,220.09,2021-11-17,Pago
1652,698,170.68,2023-05-19,Pago
1653,174,480.46,2022-09-09,Pago
1654,618,312.4,2022-05-31,Inadimplente
1655,501,334.59,2019-03-21,Atrasado
1656,575,439.84,2020-07-16,Pago
1657,76,370.41,2023-01-21,Pago
1658,316,284.71,2020-09-05,Pago
1659,373,389.33,2019-06-25,Atrasado
1660,81,225.29,2020-06-05,Pago
1661,640,113.86,2023-11-08,Pago
1662,695,469.42,2023-01-20,Atrasado
1663,755,235.3,2020-02-27,Pago
1664,697,263.49,2022-01-28,Atrasado
1665,732,274.07,2023-10-30,Pago
1666,71,227.74,2022-11-27,Pago
1667,666,432.16,2020-07-29,Pago
1668,757,344.93,2022-11-04,Inadimplente
1669,652,263.55,2020-06-14,Pago
1670,71,146.92,2019-11-28,Pago
1671,46,336.46,2022-09-03,Pago
1672,47,50.0,2020-10-14,Inadimplente
1673,591,327.93,2023-04-10,Pago
1674,422,461.18,2021-01-09,Pago
1675,149,307.75,2022-01-17,Inadimplente
1676,130,444.76,2023-06-16,Atrasado
1677,456,152.5,2020-05-25,Pago
1678,639,544.62,2019-02-11,Pago
1679,631,431.67,2021-06-03,Pago
1680,505,357.12,2024-01-05,Pago
1681,774,228.19,2022-11-13,Pago
1682,244,208.26,2019-03-22,Pago
1683,474,291.49,2020-02-06,Pago
1684,382,444.33,2019-04-17,Pago
1685,103,142.14,2022-02-08,Pago
1686,489,301.25,2022-07-24,Pago
1687,37,388.11,2022-05-22,Pago
1688,654,411.52,2023-11-02,Atrasado
1689,549,387.75,2024-01-16,Pago
1690,520,129.89,2020-05-20,Pago
1691,743,435.81,2022-02-18,Pago
1692,333,308.06,2022-03-03,Pago
1693,397,169.73,2024-01-16,Atrasado
1694,296,297.1,2020-12-20,Pago
1695,107,64.96,2022-10-26,Pago
1696,530,369.4,2019-09-14,Pago
1697,83,284.67,2023-09-17,Atrasado
1698,288,147.59,2023-12-27,Pago
1699,706,265.19,2021-08-11,Pago
1700,461,215.1,2022-04-18,Pago
1701,215,222.77,2021-07-21,Pago
1702,281,50.0,2021-12-07,Pago
1703,732,99.34,2023-06-11,Pago
1704,459,272.44,2021-06-15,Pago
1705,344,251.79,2019-01-19,Pago
1706,194,416.88,2021-12-05,Pago
1707,158,224.19,2020-03-26,Pago
1708,465,236.76,2021-06-16,Pago
1709,104,242.37,2021-12-15,Pago
1710,34,276.36,2021-01-10,Pago
1711,102,310.98,2023-08-08,Atrasado
1712,639,251.24,2022-01-20,Pago
1713,726,368.55,2019-03-23,Pago
1714,325,576.03,2021-01-06,Pago
1715,691,200.95,2019-03-20,Pago
1716,592,347.02,2023-08-13,Pago
1717,141,303.54,2019-10-10,Pago
1718,474,425.64,2022-08-27,Pago
1719,31,324.36,2021-09-23,Inadimplente
1720,63,212.83,2019-06-09,Pago
1721,560,160.19,2022-09-01,Pago
1722,87,373.26,2023-08-19,Atrasado
1723,304,169.94,2022-03-25,Pago
1724,61,442.05,2021-06-06,Atrasado
1725,396,366.38,2023-10-04,Pago
1726,334,310.41,2020-04-12,Pago
1727,786,142.53,2021-05-02,Pago
1728,411,381.04,2020-04-06,Inadimplente
1729,284,494.01,2021-05-03,Atrasado
1730,466,248.99,2019-04-27,Pago
1731,80,210.97,2023-08-17,Pago
1732,692,288.96,2019-12-30,Pago
1733,784,356.03,2023-07-13,Pago
1734,77,236.25,2023-10-01,Atrasado
1735,733,407.9,2020-04-10,Pago
1736,794,529.29,2023-12-04,Pago
1737,540,339.63,2019-07-03,Inadimplente
1738,361,261.0,2020-10-21,Inadimplente
1739,77,352.8,2022-04-04,Pago
1740,509,441.28,2019-03-16,Pago
1741,164,319.16,2023-11-07,Inadimplente
1742,9,358.21,2021-04-05,Pago
1743,175,384.57,2022-07-19,Pago
1744,462,194.95,2023-09-11,Pago
1745,307,355.09,2020-05-17,Atrasado
1746,588,138.97,2021-03-05,Pago
1747,245,220.99,2023-05-06,Pago
1748,122,437.48,2020-08-09,Pago
1749,185,404.52,2020-10-17,Inadimplente
1750,32,267.58,2022-09-28,Pago
1751,762,504.7,2020-11-30,Atrasado
1752,569,142.78,2020-09-26,Pago
1753,310,275.39,2021-04-23,Inadimplente
1754,372,333.01,2022-06-28,Atrasado
1755,656,50.0,2024-01-06,Atrasado
1756,596,281.08,2021-04-14,Inadimplente
1757,56,165.06,2022-02-27,Pago
1758,791,167.79,2021-02-02,Pago
1759,273,267.33,2019-12-24,Inadimplente
1760,464,80.92,2020-11-22,Atrasado
1761,678,203.04,2022-12-02,Pago
1762,456,83.73,2023-02-27,Pago
1763,670,314.85,2020-09-13,Pago
1764,249,312.52,2020-04-26,Pago
1765,698,258.17,2021-09-06,Pago
1766,78,419.57,2022-01-06,Atrasado
1767,534,264.46,2021-09-04,Pago
1768,108,297.23,2023-03-18,Pago
1769,273,191.28,2022-09-06,Pago
1770,764,50.0,2023-12-17,Pago
1771,15,282.56,2019-10-17,Pago
1772,370,266.89,2022-08-13,Pago
1773,304,505.19,2023-09-01,Pago
1774,672,380.09,2021-01-21,Pago
1775,205,250.43,2023-02-07,Pago
1776,113,317.0,2019-01-23,Pago
1777,680,408.84,2021-03-16,Pago
1778,253,362.01,2019-06-21,Pago
1779,441,500.27,2021-04-14,Inadimplente
1780,186,205.27,2019-11-14,Pago
1781,227,417.0,2021-06-26,Pago
1782,528,249.26,2021-03-08,Pago
1783,668,323.23,2021-09-17,Atrasado
1784,354,233.08,2021-05-04,Pago
1785,623,282.96,2022-05-01,Pago
1786,1,325.39,2020-11-11,Pago
1787,553,371.19,2021-07-04,Pago
1788,560,307.36,2022-02-15,Pago
1789,420,50.0,2021-10-26,Pago
1790,620,290.77,2021-04-22,Atrasado
1791,161,476.45,2020-04-27,Pago
1792,161,289.82,2019-05-12,Pago
1793,128,479.82,2022-01-21,Pago
1794,722,285.58,2023-11-22,Atrasado
1795,151,111.36,2023-03-26,Pago
1796,444,248.05,2023-05-06,Pago
1797,767,232.99,2021-05-10,Pago
1798,471,272.46,2019-10-21,Pago
1799,463,157.76,2020-10-02,Atrasado
1800,730,298.94,2021-09-26,Atrasado
1801,30,260.61,2020-01-27,Pago
1802,473,454.54,2019-09-06,Pago
1803,557,154.77,2023-06-26,Pago
1804,80,329.48,2023-06-07,Pago
1805,39,349.32,2020-12-03,Pago
1806,240,393.0,2022-12-11,Pago
1807,557,256.37,2022-03-12,Pago
1808,590,326.5,2022-06-14,Atrasado
1809,337,342.39,2019-10-14,Pago
1810,800,102.2,2019-10-04,Inadimplente
1811,280,260.68,2020-01-22,Atrasado
1812,116,296.08,2022-11-06,Pago
1813,269,310.15,2020-03-25,Pago
1814,335,308.68,2019-10-18,Inadimplente
1815,312,352.5,2022-04-07,Atrasado
1816,53,532.51,2020-03-18,Pago
1817,68,228.55,2020-10-17,Pago
1818,694,345.74,2022-04-22,Pago
1819,34,456.16,2021-12-04,Inadimplente
1820,796,84.16,2023-11-14,Atrasado
1821,386,332.18,2021-04-06,Inadimplente
1822,249,98.35,2022-07-15,Atrasado
1823,111,562.27,2020-04-20,Pago
1824,94,362.65,2019-09-10,Pago
1825,410,346.45,2022-11-20,Pago
1826,179,75.2,2019-10-16,Pago
1827,47,239.46,2022-05-20,Pago
1828,794,240.02,2021-09-26,Inadimplente
1829,604,511.97,2023-09-09,Inadimplente
1830,376,387.5,2019-01-21,Pago
1831,724,101.65,2019-11-12,Pago
1832,587,356.34,2020-07-17,Pago
1833,202,119.65,2023-01-01,Pago
1834,445,104.48,2022-12-17,Pago
1835,297,354.41,2022-06-10,Pago
1836,308,389.37,2019-05-03,Inadimplente
1837,723,355.05,2021-05-23,Pago
1838,493,525.55,2021-08-17,Atrasado
1839,338,344.25,2023-06-24,Pago
1840,646,320.41,2019-08-02,Pago
1841,66,154.08,2021-04-18,Pago
1842,792,402.91,2020-10-08,Atrasado
1843,422,101.83,2021-08-25,Inadimplente
1844,540,542.44,2024-01-28,Pago
1845,629,404.5,2020-12-30,Atrasado
1846,493,634.78,2020-08-22,Pago
1847,317,346.72,2021-03-02,Pago
1848,626,410.42,2019-02-09,Pago
1849,75,266.74,2021-01-21,Atrasado
1850,714,294.81,2022-09-17,Pago
1851,59,173.82,2021-07-31,Pago
1852,386,126.27,2020-10-09,Pago
1853,15,322.74,2019-07-01,Pago
1854,231,294.1,2019-09-22,Inadimplente
1855,617,170.88,2021-02-09,Pago
1856,677,192.15,2023-09-14,Pago
1857,199,303.9,2023-04-06,Pago
1858,354,168.83,2021-05-12,Inadimplente
1859,35,342.8,2020-03-07,Pago
1860,162,172.55,2022-05-04,Pago
1861,757,330.7,2023-10-14,Pago
1862,799,161.91,2020-05-23,Atrasado
1863,471,162.42,2020-03-22,Pago
1864,531,50.0,2020-06-11,Pago
1865,792,280.77,2022-05-10,Inadimplente
1866,423,474.49,2021-05-24,Pago
1867,348,467.68,2023-10-20,Pago
1868,694,338.89,2023-06-17,Pago
1869,147,59.88,2022-03-02,Pago
1870,374,401.27,2022-03-08,Pago
1871,688,327.08,2020-10-30,Inadimplente
1872,675,251.22,2023-02-25,Pago
1873,416,444.88,2021-04-26,Pago
1874,687,373.85,2019-03-11,Atrasado
1875,494,535.39,2021-03-26,Inadimplente
1876,559,131.32,2021-11-04,Pago
1877,256,140.71,2023-11-06,Pago
1878,686,160.92,2022-05-20,Pago
1879,103,265.8,2023-12-31,Pago
1880,121,490.58,2021-12-19,Pago
1881,419,225.17,2022-06-29,Pago
1882,350,227.74,2020-03-21,Pago
1883,657,350.08,2021-10-22,Pago
1884,42,401.18,2023-11-07,Pago
1885,367,50.0,2022-09-21,Pago
1886,29,424.77,2019-01-19,Pago
1887,785,221.37,2020-07-14,Pago
1888,14,287.71,2022-01-06,Pago
1889,485,470.19,2020-04-16,Pago
1890,189,274.03,2019-01-28,Pago
1891,295,116.18,2020-07-13,Atrasado
1892,183,123.13,2020-08-30,Pago
1893,548,296.51,2022-04-03,Pago
1894,37,259.88,2020-04-02,Pago
1895,14,307.14,2021-08-02,Pago
1896,635,251.85,2022-04-14,Pago
1897,595,448.97,2023-05-28,Pago
1898,159,302.97,2021-09-10,Pago
1899,494,88.44,2021-05-17,Pago
1900,329,397.98,2021-10-12,Inadimplente
1901,614,528.75,2019-01-29,Pago
1902,83,318.59,2020-10-30,Pago
1903,556,327.91,2021-04-05,Pago
1904,580,206.41,2021-03-26,Inadimplente
1905,560,270.91,2019-10-06,Inadimplente
1906,569,360.34,2019-10-10,Pago
1907,587,435.81,2023-02-11,Pago
1908,22,353.52,2021-09-29,Pago
1909,132,518.16,2023-03-23,Pago
1910,465,311.82,2019-11-01,Pago
1911,456,165.4,2020-11-24,Pago
1912,302,168.83,2019-04-19,Inadimplente
1913,267,448.13,2019-11-20,Pago
1914,799,420.85,2022-05-14,Atrasado
1915,395,102.65,2022-06-11,Pago
1916,120,274.86,2020-04-02,Pago
1917,246,279.22,2022-04-25,Pago
1918,568,209.82,2020-04-26,Pago
1919,38,130.76,2021-07-10,Pago
1920,245,207.17,2022-12-01,Pago
1921,21,185.6,2023-03-13,Atrasado
1922,110,133.62,2020-06-03,Pago
1923,606,399.49,2021-12-12,Pago
1924,394,333.95,2022-11-22,Pago
1925,410,244.31,2022-05-07,Atrasado
1926,648,51.53,2020-01-26,Pago
1927,743,264.11,2023-07-31,Pago
1928,8,362.53,2021-02-09,Pago
1929,444,211.67,2021-07-01,Pago
1930,328,162.0,2023-03-02,Atrasado
1931,290,285.24,2022-04-10,Pago
1932,763,340.21,2019-03-27,Pago
1933,511,60.01,2020-07-11,Pago
1934,361,462.48,2021-05-07,Pago
1935,599,150.1,2022-04-24,Pago
1936,716,249.27,2022-03-25,Pago
1937,219,441.75,2023-02-25,Pago
1938,406,315.04,2023-03-25,Pago
1939,753,431.53,2023-07-09,Pago
1940,770,486.44,2020-10-27,Pago
1941,621,124.84,2022-02-27,Pago
1942,768,408.25,2021-04-22,Atrasado
1943,794,459.06,2022-01-09,Atrasado
1944,220,254.9,2022-11-08,Pago
1945,595,264.45,2023-12-31,Pago
1946,107,70.43,2023-08-10,Pago
1947,581,393.73,2019-10-22,Inadimplente
1948,609,50.0,2019-09-26,Atrasado
1949,724,416.26,2020-10-06,Pago
1950,286,129.88,2023-05-05,Pago
1951,749,466.88,2020-06-18,Pago
1952,8,347.55,2022-11-02,Pago
1953,189,421.08,2022-10-31,Pago
1954,81,202.47,2019-03-29,Pago
1955,108,139.99,2021-07-13,Atrasado
1956,321,88.37,2023-07-06,Pago
1957,579,430.94,2019-04-21,Pago
1958,686,379.55,2020-08-06,Pago
1959,346,383.81,2022-03-23,Pago
1960,328,334.97,2023-01-26,Inadimplente
1961,555,365.26,2023-05-12,Pago
1962,699,265.0,2021-02-07,Pago
1963,302,344.44,2022-03-25,Pago
1964,200,197.18,2023-07-07,Pago
1965,419,258.87,2022-09-03,Pago
1966,39,665.2,2023-05-02,Inadimplente
1967,732,304.67,2019-08-26,Pago
1968,307,63.41,2019-11-30,Pago
1969,4,250.97,2019-04-16,Atrasado
1970,633,173.1,2023-02-14,Pago
1971,77,319.11,2023-09-19,Pago
1972,468,193.28,2023-08-22,Pago
1973,179,274.58,2023-09-30,Pago
1974,645,211.22,2020-01-17,Inadimplente
1975,741,323.66,2020-11-19,Pago
1976,276,224.71,2019-09-18,Pago
1977,152,342.83,2023-12-28,Pago
1978,164,533.83,2022-08-09,Pago
1979,290,161.47,2022-09-20,Pago
1980,378,386.86,2020-10-16,Pago
1981,621,50.0,2021-03-30,Atrasado
1982,638,272.07,2020-12-09,Pago
1983,752,327.47,2020-04-20,Pago
1984,310,210.24,2022-06-02,Pago
1985,389,85.51,2021-06-25,Pago
1986,658,295.44,2020-07-08,Pago
1987,764,483.85,2023-01-17,Pago
1988,183,282.43,2020-10-24,Pago
1989,306,367.03,2022-08-12,Pago
1990,72,435.23,2020-07-28,Pago
1991,219,596.58,2020-10-03,Pago
1992,719,173.73,2023-11-26,Pago
1993,173,186.11,2020-04-07,Inadimplente
1994,653,264.93,2021-05-04,Pago
1995,272,373.85,2022-05-22,Inadimplente
1996,726,50.0,2020-08-07,Pago
1997,468,378.45,2021-07-31,Inadimplente
1998,269,317.79,2020-09-07,Pago
1999,20,235.93,2019-06-07,Pago
2000,578,351.06,2019-09-29,Inadimplente
